Equation,Concept,Similarity,Equation_mapped,Concept Description,Rationale
"['Gene_6406_29106', '+', 'ProteinMutation_p_R238Q_RS_748324481', '-', 'Gene_855408']",ProteinMutation_p_D594A_RS_121913338,0.7133995294570923,semenogelin 1 ['flavin containing dimethylaniline monoxygenase 3'] Kri1p,"['B-Raf proto-oncogene, serine/threonine kinase']","Based on the analogical reasoning you provided, it seems like what you are trying to do is to use vector embeddings to find relationships between different biological entities. Specifically, you are looking for similarities between different entities based on their relative positions within an embedding space. 

In your example, you used the analogy of King - Man + Woman = Queen for word2vec to find a new word that is related to the original words. Similarly, with the biological entities you listed, you are trying to find connections between Semenogelin 1, flavin containing dimethylaniline monoxygenase 3, and Kri1p.

One possible way to reason why this makes sense is that there may be some functional or structural similarities between these entities that can be captured by their respective embeddings. For example, perhaps Semenogelin 1, flavin containing dimethylaniline monoxygenase 3, and Kri1p all play a role in sperm function/motility, as Semenogelin 1 is a component of semen, FMO3 is involved in the metabolism of sperm motility promoting compounds, and Kri1p may play a role in cytoskeleton organization during sperm differentiation. By representing these entities as vectors in an embedding space, and finding that they are relatively close to each other, we can speculate that there may be some underlying biological relationship between them. 

Of course, the exact interpretation of the vector embeddings in this case would require further investigation and experimentation. But this kind of approach can serve as a starting point to generate hypotheses and explore new ways of thinking about biological relationships."
"['Gene_6406_29106', '+', 'ProteinMutation_c_1213_1212delTT', '-', 'Chemical_MESH_C080987']",Gene_489228,0.7175693511962891,semenogelin 1 ProteinMutation 1212delTT 2-tetradecanoylaminohexanol-1-phosphocholine,S-phase kinase associated protein 2,"The equation King - Man + Woman = Queen for word2vec is a popular analogy often used to explain how vector embeddings work. Essentially, it means that by identifying the relationships between certain words, you can make educated guesses about the relationship between other words. 

In the context of biology, the analogy could mean that by identifying the relationships between different biological elements (like proteins, mutations, and chemical compounds), you could make educated guesses about the relationship between other biological elements. For example, the combination of ""semenogelin 1,"" ""ProteinMutation 1212delTT,"" and ""2-tetradecanoylaminohexanol-1-phosphocholine"" might suggest a certain kind of cell activity or biological process.

It's important to keep in mind, however, that analogies like this can only take you so far. While they can be helpful as a way of generating hypotheses, they don't replace the need for rigorous scientific research and experimentation to draw meaningful conclusions about biological phenomena."
"['Gene_6406_29106', '+', 'ProteinMutation_p_R232A_CorrespondingSpecies_573', '-', 'Chemical_MESH_C029436']",Chemical_MESH_C033514,0.7326124906539917,semenogelin 1 ['cathepsin O'] 3-hydroxycholestan-26-oic acid,thiocellobiose,"In word2vec, vectors are used to represent words and their relationships. The example you mentioned, ""King - Man + Woman = Queen,"" is a way to show the relationship between these words. By subtracting the vector for ""Man"" from the vector for ""King"" and adding the vector for ""Woman,"" we arrive at a vector that is closest to the vector for ""Queen."" 

Similarly, in biology, proteins and molecules can be represented as vectors based on their biochemical properties. In the example you provided, the equation ""semenogelin 1 ['cathepsin O'] 3-hydroxycholestan-26-oic acid"" represents a relationship between these three molecules based on their properties. By examining these properties and their connections, we can generate hypotheses about how these molecules may interact and affect biological processes. 

Thinking outside the box, we can potentially use this method to predict interactions between molecules that have not yet been studied or even identify potential new treatments for diseases by examining the relationships between molecules and their properties. Ultimately, this approach allows us to use data to generate new ideas and deepen our understanding of the complex biological systems at play."
"['Gene_6406_29106', '+', 'Gene_778369', '-', 'Gene_101955603']",ProteinMutation_p_K73R_RS_765650289,0.7260223627090454,semenogelin 1 casein kinase II beta cobalamin binding intrinsic factor,['melanocortin 4 receptor'],"It seems like you are trying to understand why the equation ""King - Man + Woman = Queen"" makes sense in the context of word2vec and how it relates to the biological terms you listed. This equation is a demonstration of the ability of word2vec to perform vector algebra, in which it can identify relationships between words based on their co-occurrence in textual data. For example, ""King"" is related to ""Man"" and ""Queen"" is related to ""Woman"" based on societal constructs of gender and royalty.

Similarly, the biological terms you listed may be related to each other through various biological processes or functions, despite their apparently unrelated names. For example, ""semenogelin 1"" is a protein found in semen that plays a role in sperm motility and function, while ""cobalamin binding intrinsic factor"" is a protein involved in the absorption and transport of vitamin B12 in the intestines. Through the use of vector embeddings, it may be possible to identify relationships between these proteins and other biological factors, ultimately leading to the development of new hypotheses about their functions, interactions, and potential medical applications."
"['Gene_6406_29106', '+', 'SNP_rs2304722', '-', 'Gene_25402_58918_156117']",ProteinMutation_p_D332A,0.7534358501434326,semenogelin 1 ['lysyl oxidase like 1'] caspase 3,ProteinMutation D332A,"It's difficult to provide a clear answer without more context on what specifically you are trying to reason about with the equation. However, in biological terms, semenogelin 1 is a protein found in semen that is important in sperm function, while caspase 3 is an enzyme that plays a role in programmed cell death (apoptosis). Lysyl oxidase-like 1 is an enzyme involved in the extracellular matrix and tissue development.

Analogically, it's possible that the equation you found is representing some sort of interaction or relationship between these three molecules. For example, semenogelin 1 may have a protective effect on sperm by preventing apoptosis via its interaction with caspase 3, and lysyl oxidase-like 1 may play a role in the tissue development necessary for proper sperm function. However, this is just speculation and more information is needed to form a definitive hypothesis."
"['Gene_6406_29106', '+', 'ProteinMutation_p_R37G', '-', 'SNP_rs6980093']",Gene_830609_817173,0.7449074387550354,semenogelin 1 ProteinMutation R37G ['forkhead box P2'],Gene 830609,"The equation King - Man + Woman = Queen is an example of how natural language processing algorithms like word2vec can understand the relationships between words and identify analogies. In this case, the algorithm has learned that the relationship between King and Queen is similar to the relationship between Man and Woman, and can use this knowledge to make predictions about new words.

Likewise, the equation you found is suggesting that a mutation in the semenogelin 1 protein at position 37, where the amino acid arginine (R) is replaced by glycine (G), is associated with the presence of the transcription factor forkhead box P2 (FOXP2). The reasoning for this could be that FOXP2 has been shown to regulate the expression of genes involved in spermatogenesis, and semenogelin 1 is a major component of semen that is involved in sperm function. This hypothesis could be further investigated by testing the effects of the R37G mutation on semenogelin 1 function and expression in the presence of FOXP2."
"['Gene_6406_29106', '+', 'DNAMutation_g_24794T_G', '-', 'Chemical_MESH_C034461']",Chemical_MESH_C548843,0.743476152420044,semenogelin 1 DNAMutation g 24794T G sulfonated poly(vinylidene fluoride),"3beta,4beta-dihydroxypregnan-16-one","The equation, ""King - Man + Woman = Queen"" is an example of a mathematical concept called vector embeddings, which allows us to represent words as vectors that can be manipulated mathematically. Similarly, the combination of ""semenogelin 1"", ""DNAMutation g 24794T G"", and ""sulfonated poly(vinylidene fluoride)"" is likely also a representation of some kind of biological entity or process.

Based on this analogy, it's possible that the equation generated from the combination of these biological terms could reveal some interesting properties or relationships between them. For example, it may suggest a genetic mutation (DNAMutation g 24794T G) that affects the production or function of semenogelin 1, a protein involved in semen coagulation. Sulfonated poly(vinylidene fluoride) could potentially be relevant to the development of a medical device used to study this genetic mutation.

Overall, by exploring the relationships between seemingly unrelated biological terms, it's possible to generate novel hypotheses and insights that could lead to new discoveries in the field of biology."
"['Gene_6406_29106', '+', 'SNP_rs12266458', '-', 'Chemical_MESH_C074587']",SNP_rs508448,0.7204306721687317,semenogelin 1 ['choline O-acetyltransferase'] A 65282,['opioid receptor delta 1'],"It seems like you are exploring analogies within biology using vector embeddings. Analogies are a powerful way to reason about complex systems and can suggest new hypotheses or ways of thinking about problems. 

In this example, the analogy you found resembles the ""word arithmetic"" often used with word embedding models like word2vec. The equation ""King - Man + Woman = Queen"" suggests that the vector for ""Queen"" can be derived from the vectors of ""King"", ""Man"", and ""Woman,"" which we can think of as representing semantic concepts or attributes. 

Similarly, the vector representation for the protein semenogelin 1 is related to the concept or attribute represented by the protein choline O-acetyltransferase. It's possible that semenogelin 1 shares some functional or structural characteristics with choline O-acetyltransferase, which could explain why they are represented by similar vectors in your model. 

Thinking more broadly, this analogy may be helpful in generating hypotheses about relationships between seemingly unrelated biological entities. For example, if two proteins have similar vector representations, it could suggest that they share some functional or structural features that are not immediately apparent from their amino acid sequences. This could be useful in discovering new drug targets or designing better experiments to study protein function and interactions."
